scenario,total_discounted_system_cost_usd_bn,emissions_2050_mtco2,re_share_2050_percent,import_dependency_2050_percent
REF,353.89444386041606,803.8754265552932,44.99999999999999,26.8
LCB,366.8664060171763,298.8142999720683,60.0,13.6
NZE,421.90357752726413,0.0,90.0,4.199999999999999
