scenario,total_discounted_system_cost_usd_bn,emissions_2050_mtco2,re_share_2050_percent,import_dependency_2050_percent
REF,453.3091639580852,59163.58750955622,84.18614073272582,55.01388696239022
LCB,482.12076504850893,1038.8228274544642,75.0,100.0
NZE,463.77967557256994,-29.73939,99.99373251850675,100.0
